{
    "gravity": [
        0.0,
        0.0,
        -9.8100004196167
    ],
    "rigid_bodys": [
        {
            "name": "Cube",
            "location": {
                "x": 7.152557373046875e-07,
                "y": -0.1756623089313507,
                "z": -11.704180717468262
            },
            "quaternion": {
                "x": 0.0,
                "y": 0.0,
                "z": -0.0,
                "w": 1.0
            },
            "scale": {
                "x": 1.0,
                "y": 1.0,
                "z": 1.0
            },
            "dimensions": {
                "x": 56.2628288269043,
                "y": 0.39329785108566284,
                "z": 79.67118835449219
            },
            "static": true,
            "kinematic": false,
            "mass": 1.0,
            "friction": 0.5,
            "restitution": 0.0,
            "collision_shape": "BOX",
            "attachments": [],
            "use_margin": false,
            "collision_margin": 0.03999999910593033,
            "group": 1,
            "mask": 1
        },
        {
            "name": "Cube.001",
            "location": {
                "x": -0.3651626408100128,
                "y": -1.1039446592330933,
                "z": 15.878785133361816
            },
            "quaternion": {
                "x": 0.0,
                "y": 0.0,
                "z": -0.0,
                "w": 1.0
            },
            "scale": {
                "x": 1.0,
                "y": 1.0,
                "z": 1.0
            },
            "dimensions": {
                "x": 57.79998779296875,
                "y": 7.712035655975342,
                "z": 14.359682083129883
            },
            "static": true,
            "kinematic": false,
            "mass": 1.0,
            "friction": 0.5,
            "restitution": 0.0,
            "collision_shape": "BOX",
            "attachments": [],
            "use_margin": false,
            "collision_margin": 0.03999999910593033,
            "group": 1,
            "mask": 1
        },
        {
            "name": "Cube.003",
            "location": {
                "x": 14.22034740447998,
                "y": 1.048737645149231,
                "z": -25.127840042114258
            },
            "quaternion": {
                "x": 0.0,
                "y": 0.0,
                "z": -0.0,
                "w": 1.0
            },
            "scale": {
                "x": 1.0,
                "y": 1.0,
                "z": 1.0
            },
            "dimensions": {
                "x": 9.675619125366211,
                "y": 9.675619125366211,
                "z": 9.675619125366211
            },
            "static": true,
            "kinematic": false,
            "mass": 1.0,
            "friction": 0.5,
            "restitution": 0.0,
            "collision_shape": "BOX",
            "attachments": [],
            "use_margin": false,
            "collision_margin": 0.03999999910593033,
            "group": 1,
            "mask": 1
        },
        {
            "name": "Cube.006",
            "location": {
                "x": 0.30568981170654297,
                "y": 12.29769515991211,
                "z": -60.657196044921875
            },
            "quaternion": {
                "x": 0.0,
                "y": 0.0,
                "z": -0.0,
                "w": 1.0
            },
            "scale": {
                "x": 1.0,
                "y": 1.0,
                "z": 1.0
            },
            "dimensions": {
                "x": 96.4276351928711,
                "y": 24.960647583007812,
                "z": 21.40768051147461
            },
            "static": true,
            "kinematic": false,
            "mass": 1.0,
            "friction": 0.5,
            "restitution": 0.0,
            "collision_shape": "BOX",
            "attachments": [],
            "use_margin": false,
            "collision_margin": 0.03999999910593033,
            "group": 1,
            "mask": 1
        },
        {
            "name": "Cube.009",
            "location": {
                "x": -0.3651626408100128,
                "y": 3.529629707336426,
                "z": -39.974300384521484
            },
            "quaternion": {
                "x": 0.0,
                "y": 0.0,
                "z": -0.0,
                "w": 1.0
            },
            "scale": {
                "x": 1.0,
                "y": 1.0,
                "z": 1.0
            },
            "dimensions": {
                "x": 57.79998779296875,
                "y": 7.712035655975342,
                "z": 18.38175392150879
            },
            "static": true,
            "kinematic": false,
            "mass": 1.0,
            "friction": 0.5,
            "restitution": 0.0,
            "collision_shape": "BOX",
            "attachments": [],
            "use_margin": false,
            "collision_margin": 0.03999999910593033,
            "group": 1,
            "mask": 1
        },
        {
            "name": "Cube.007",
            "location": {
                "x": 8.788169860839844,
                "y": -1.1472631692886353,
                "z": -13.92475700378418
            },
            "quaternion": {
                "x": 0.0,
                "y": 0.0,
                "z": -0.0,
                "w": 1.0
            },
            "scale": {
                "x": 1.0,
                "y": 1.0,
                "z": 1.0
            },
            "dimensions": {
                "x": 9.675619125366211,
                "y": 9.675619125366211,
                "z": 9.675619125366211
            },
            "static": true,
            "kinematic": false,
            "mass": 1.0,
            "friction": 0.5,
            "restitution": 0.0,
            "collision_shape": "BOX",
            "attachments": [],
            "use_margin": false,
            "collision_margin": 0.03999999910593033,
            "group": 1,
            "mask": 1
        },
        {
            "name": "Cube.010",
            "location": {
                "x": 7.183018684387207,
                "y": -2.8979132175445557,
                "z": -3.284785509109497
            },
            "quaternion": {
                "x": 0.0,
                "y": 0.0,
                "z": -0.0,
                "w": 1.0
            },
            "scale": {
                "x": 1.0,
                "y": 1.0,
                "z": 1.0
            },
            "dimensions": {
                "x": 9.675619125366211,
                "y": 9.675619125366211,
                "z": 9.675619125366211
            },
            "static": true,
            "kinematic": false,
            "mass": 1.0,
            "friction": 0.5,
            "restitution": 0.0,
            "collision_shape": "BOX",
            "attachments": [],
            "use_margin": false,
            "collision_margin": 0.03999999910593033,
            "group": 1,
            "mask": 1
        },
        {
            "name": "Cube.011",
            "location": {
                "x": -10.590577125549316,
                "y": -0.238258957862854,
                "z": -25.007112503051758
            },
            "quaternion": {
                "x": 0.0,
                "y": 0.0,
                "z": -0.0,
                "w": 1.0
            },
            "scale": {
                "x": 1.0,
                "y": 1.0,
                "z": 1.0
            },
            "dimensions": {
                "x": 9.675619125366211,
                "y": 9.675619125366211,
                "z": 9.675619125366211
            },
            "static": true,
            "kinematic": false,